"","size_class","site","survdate","string","plate","ab_n","absm","dat.2.survindex","dat.2.ab_n","dat.2.absm","sampyear","season","yr.season"
"1","1","IPB",2019-03-16,1,1,0,0,"IPB_2019-03-16_1_1",0,0,"2019","Autumn","2019 . Autumn"
"2","1","IPB",2019-03-16,1,10,1,7.95774715459477,"IPB_2019-03-16_1_10",1,7.95774715459477,"2019","Autumn","2019 . Autumn"
"3","1","IPB",2019-03-16,1,11,1,7.95774715459477,"IPB_2019-03-16_1_11",1,7.95774715459477,"2019","Autumn","2019 . Autumn"
"4","1","IPB",2019-03-16,1,12,0,0,"IPB_2019-03-16_1_12",0,0,"2019","Autumn","2019 . Autumn"
"5","1","IPB",2019-03-16,1,13,0,0,"IPB_2019-03-16_1_13",0,0,"2019","Autumn","2019 . Autumn"
"6","1","IPB",2019-03-16,1,14,0,0,"IPB_2019-03-16_1_14",0,0,"2019","Autumn","2019 . Autumn"
"7","1","IPB",2019-03-16,1,15,0,0,"IPB_2019-03-16_1_15",0,0,"2019","Autumn","2019 . Autumn"
"8","1","IPB",2019-03-16,1,16,0,0,"IPB_2019-03-16_1_16",0,0,"2019","Autumn","2019 . Autumn"
"9","1","IPB",2019-03-16,1,17,0,0,"IPB_2019-03-16_1_17",0,0,"2019","Autumn","2019 . Autumn"
"10","1","IPB",2019-03-16,1,18,0,0,"IPB_2019-03-16_1_18",0,0,"2019","Autumn","2019 . Autumn"
"11","1","IPB",2019-03-16,1,19,0,0,"IPB_2019-03-16_1_19",0,0,"2019","Autumn","2019 . Autumn"
"12","1","IPB",2019-03-16,1,2,1,7.95774715459477,"IPB_2019-03-16_1_2",1,7.95774715459477,"2019","Autumn","2019 . Autumn"
"13","1","IPB",2019-03-16,1,20,0,0,"IPB_2019-03-16_1_20",0,0,"2019","Autumn","2019 . Autumn"
"14","1","IPB",2019-03-16,1,3,1,7.95774715459477,"IPB_2019-03-16_1_3",1,7.95774715459477,"2019","Autumn","2019 . Autumn"
"15","1","IPB",2019-03-16,1,4,1,7.95774715459477,"IPB_2019-03-16_1_4",1,7.95774715459477,"2019","Autumn","2019 . Autumn"
"16","1","IPB",2019-03-16,1,5,1,7.95774715459477,"IPB_2019-03-16_1_5",1,7.95774715459477,"2019","Autumn","2019 . Autumn"
"17","1","IPB",2019-03-16,1,6,1,7.95774715459477,"IPB_2019-03-16_1_6",1,7.95774715459477,"2019","Autumn","2019 . Autumn"
"18","1","IPB",2019-03-16,1,7,0,0,"IPB_2019-03-16_1_7",0,0,"2019","Autumn","2019 . Autumn"
"19","1","IPB",2019-03-16,1,8,0,0,"IPB_2019-03-16_1_8",0,0,"2019","Autumn","2019 . Autumn"
"20","1","IPB",2019-03-16,1,9,0,0,"IPB_2019-03-16_1_9",0,0,"2019","Autumn","2019 . Autumn"
"21","1","IPB",2019-09-19,1,1,0,0,"IPB_2019-09-19_1_1",0,0,"2019","Spring","2019 . Spring"
"22","1","IPB",2019-09-19,1,10,2,15.9154943091895,"IPB_2019-09-19_1_10",2,15.9154943091895,"2019","Spring","2019 . Spring"
"23","1","IPB",2019-09-19,1,11,0,0,"IPB_2019-09-19_1_11",0,0,"2019","Spring","2019 . Spring"
"24","1","IPB",2019-09-19,1,12,0,0,"IPB_2019-09-19_1_12",0,0,"2019","Spring","2019 . Spring"
"25","1","IPB",2019-09-19,1,13,0,0,"IPB_2019-09-19_1_13",0,0,"2019","Spring","2019 . Spring"
"26","1","IPB",2019-09-19,1,14,0,0,"IPB_2019-09-19_1_14",0,0,"2019","Spring","2019 . Spring"
"27","1","IPB",2019-09-19,1,15,2,15.9154943091895,"IPB_2019-09-19_1_15",2,15.9154943091895,"2019","Spring","2019 . Spring"
"28","1","IPB",2019-09-19,1,16,2,15.9154943091895,"IPB_2019-09-19_1_16",2,15.9154943091895,"2019","Spring","2019 . Spring"
"29","1","IPB",2019-09-19,1,17,2,15.9154943091895,"IPB_2019-09-19_1_17",2,15.9154943091895,"2019","Spring","2019 . Spring"
"30","1","IPB",2019-09-19,1,18,0,0,"IPB_2019-09-19_1_18",0,0,"2019","Spring","2019 . Spring"
"31","1","IPB",2019-09-19,1,19,0,0,"IPB_2019-09-19_1_19",0,0,"2019","Spring","2019 . Spring"
"32","1","IPB",2019-09-19,1,2,3,23.8732414637843,"IPB_2019-09-19_1_2",3,23.8732414637843,"2019","Spring","2019 . Spring"
"33","1","IPB",2019-09-19,1,20,1,7.95774715459477,"IPB_2019-09-19_1_20",1,7.95774715459477,"2019","Spring","2019 . Spring"
"34","1","IPB",2019-09-19,1,3,3,23.8732414637843,"IPB_2019-09-19_1_3",3,23.8732414637843,"2019","Spring","2019 . Spring"
"35","1","IPB",2019-09-19,1,4,1,7.95774715459477,"IPB_2019-09-19_1_4",1,7.95774715459477,"2019","Spring","2019 . Spring"
"36","1","IPB",2019-09-19,1,5,0,0,"IPB_2019-09-19_1_5",0,0,"2019","Spring","2019 . Spring"
"37","1","IPB",2019-09-19,1,6,4,31.8309886183791,"IPB_2019-09-19_1_6",4,31.8309886183791,"2019","Spring","2019 . Spring"
"38","1","IPB",2019-09-19,1,7,1,7.95774715459477,"IPB_2019-09-19_1_7",1,7.95774715459477,"2019","Spring","2019 . Spring"
"39","1","IPB",2019-09-19,1,8,2,15.9154943091895,"IPB_2019-09-19_1_8",2,15.9154943091895,"2019","Spring","2019 . Spring"
"40","1","IPB",2019-09-19,1,9,1,7.95774715459477,"IPB_2019-09-19_1_9",1,7.95774715459477,"2019","Spring","2019 . Spring"
"41","1","IPB",2020-03-19,1,1,0,0,"IPB_2020-03-19_1_1",0,0,"2020","Autumn","2020 . Autumn"
"42","1","IPB",2020-03-19,1,10,0,0,"IPB_2020-03-19_1_10",0,0,"2020","Autumn","2020 . Autumn"
"43","1","IPB",2020-03-19,1,11,0,0,"IPB_2020-03-19_1_11",0,0,"2020","Autumn","2020 . Autumn"
"44","1","IPB",2020-03-19,1,12,0,0,"IPB_2020-03-19_1_12",0,0,"2020","Autumn","2020 . Autumn"
"45","1","IPB",2020-03-19,1,13,0,0,"IPB_2020-03-19_1_13",0,0,"2020","Autumn","2020 . Autumn"
"46","1","IPB",2020-03-19,1,14,1,7.95774715459477,"IPB_2020-03-19_1_14",1,7.95774715459477,"2020","Autumn","2020 . Autumn"
"47","1","IPB",2020-03-19,1,15,0,0,"IPB_2020-03-19_1_15",0,0,"2020","Autumn","2020 . Autumn"
"48","1","IPB",2020-03-19,1,16,1,7.95774715459477,"IPB_2020-03-19_1_16",1,7.95774715459477,"2020","Autumn","2020 . Autumn"
"49","1","IPB",2020-03-19,1,17,1,7.95774715459477,"IPB_2020-03-19_1_17",1,7.95774715459477,"2020","Autumn","2020 . Autumn"
"50","1","IPB",2020-03-19,1,18,0,0,"IPB_2020-03-19_1_18",0,0,"2020","Autumn","2020 . Autumn"
"51","1","IPB",2020-03-19,1,19,0,0,"IPB_2020-03-19_1_19",0,0,"2020","Autumn","2020 . Autumn"
"52","1","IPB",2020-03-19,1,2,0,0,"IPB_2020-03-19_1_2",0,0,"2020","Autumn","2020 . Autumn"
"53","1","IPB",2020-03-19,1,20,0,0,"IPB_2020-03-19_1_20",0,0,"2020","Autumn","2020 . Autumn"
"54","1","IPB",2020-03-19,1,3,0,0,"IPB_2020-03-19_1_3",0,0,"2020","Autumn","2020 . Autumn"
"55","1","IPB",2020-03-19,1,4,0,0,"IPB_2020-03-19_1_4",0,0,"2020","Autumn","2020 . Autumn"
"56","1","IPB",2020-03-19,1,5,0,0,"IPB_2020-03-19_1_5",0,0,"2020","Autumn","2020 . Autumn"
"57","1","IPB",2020-03-19,1,6,0,0,"IPB_2020-03-19_1_6",0,0,"2020","Autumn","2020 . Autumn"
"58","1","IPB",2020-03-19,1,7,0,0,"IPB_2020-03-19_1_7",0,0,"2020","Autumn","2020 . Autumn"
"59","1","IPB",2020-03-19,1,8,0,0,"IPB_2020-03-19_1_8",0,0,"2020","Autumn","2020 . Autumn"
"60","1","IPB",2020-03-19,1,9,0,0,"IPB_2020-03-19_1_9",0,0,"2020","Autumn","2020 . Autumn"
"61","1","IPCT",2019-03-16,1,1,0,0,"IPCT_2019-03-16_1_1",0,0,"2019","Autumn","2019 . Autumn"
"62","1","IPCT",2019-03-16,1,10,0,0,"IPCT_2019-03-16_1_10",0,0,"2019","Autumn","2019 . Autumn"
"63","1","IPCT",2019-03-16,1,11,0,0,"IPCT_2019-03-16_1_11",0,0,"2019","Autumn","2019 . Autumn"
"64","1","IPCT",2019-03-16,1,12,0,0,"IPCT_2019-03-16_1_12",0,0,"2019","Autumn","2019 . Autumn"
"65","1","IPCT",2019-03-16,1,13,0,0,"IPCT_2019-03-16_1_13",0,0,"2019","Autumn","2019 . Autumn"
"66","1","IPCT",2019-03-16,1,14,3,23.8732414637843,"IPCT_2019-03-16_1_14",3,23.8732414637843,"2019","Autumn","2019 . Autumn"
"67","1","IPCT",2019-03-16,1,15,0,0,"IPCT_2019-03-16_1_15",0,0,"2019","Autumn","2019 . Autumn"
"68","1","IPCT",2019-03-16,1,16,0,0,"IPCT_2019-03-16_1_16",0,0,"2019","Autumn","2019 . Autumn"
"69","1","IPCT",2019-03-16,1,17,1,7.95774715459477,"IPCT_2019-03-16_1_17",1,7.95774715459477,"2019","Autumn","2019 . Autumn"
"70","1","IPCT",2019-03-16,1,18,1,7.95774715459477,"IPCT_2019-03-16_1_18",1,7.95774715459477,"2019","Autumn","2019 . Autumn"
"71","1","IPCT",2019-03-16,1,19,0,0,"IPCT_2019-03-16_1_19",0,0,"2019","Autumn","2019 . Autumn"
"72","1","IPCT",2019-03-16,1,2,0,0,"IPCT_2019-03-16_1_2",0,0,"2019","Autumn","2019 . Autumn"
"73","1","IPCT",2019-03-16,1,20,1,7.95774715459477,"IPCT_2019-03-16_1_20",1,7.95774715459477,"2019","Autumn","2019 . Autumn"
"74","1","IPCT",2019-03-16,1,3,0,0,"IPCT_2019-03-16_1_3",0,0,"2019","Autumn","2019 . Autumn"
"75","1","IPCT",2019-03-16,1,4,0,0,"IPCT_2019-03-16_1_4",0,0,"2019","Autumn","2019 . Autumn"
"76","1","IPCT",2019-03-16,1,5,1,7.95774715459477,"IPCT_2019-03-16_1_5",1,7.95774715459477,"2019","Autumn","2019 . Autumn"
"77","1","IPCT",2019-03-16,1,6,0,0,"IPCT_2019-03-16_1_6",0,0,"2019","Autumn","2019 . Autumn"
"78","1","IPCT",2019-03-16,1,7,0,0,"IPCT_2019-03-16_1_7",0,0,"2019","Autumn","2019 . Autumn"
"79","1","IPCT",2019-03-16,1,8,0,0,"IPCT_2019-03-16_1_8",0,0,"2019","Autumn","2019 . Autumn"
"80","1","IPCT",2019-03-16,1,9,1,7.95774715459477,"IPCT_2019-03-16_1_9",1,7.95774715459477,"2019","Autumn","2019 . Autumn"
"81","1","IPCT",2019-09-19,1,1,0,0,"IPCT_2019-09-19_1_1",0,0,"2019","Spring","2019 . Spring"
"82","1","IPCT",2019-09-19,1,10,0,0,"IPCT_2019-09-19_1_10",0,0,"2019","Spring","2019 . Spring"
"83","1","IPCT",2019-09-19,1,11,0,0,"IPCT_2019-09-19_1_11",0,0,"2019","Spring","2019 . Spring"
"84","1","IPCT",2019-09-19,1,12,3,23.8732414637843,"IPCT_2019-09-19_1_12",3,23.8732414637843,"2019","Spring","2019 . Spring"
"85","1","IPCT",2019-09-19,1,13,2,15.9154943091895,"IPCT_2019-09-19_1_13",2,15.9154943091895,"2019","Spring","2019 . Spring"
"86","1","IPCT",2019-09-19,1,14,0,0,"IPCT_2019-09-19_1_14",0,0,"2019","Spring","2019 . Spring"
"87","1","IPCT",2019-09-19,1,15,0,0,"IPCT_2019-09-19_1_15",0,0,"2019","Spring","2019 . Spring"
"88","1","IPCT",2019-09-19,1,16,2,15.9154943091895,"IPCT_2019-09-19_1_16",2,15.9154943091895,"2019","Spring","2019 . Spring"
"89","1","IPCT",2019-09-19,1,17,0,0,"IPCT_2019-09-19_1_17",0,0,"2019","Spring","2019 . Spring"
"90","1","IPCT",2019-09-19,1,18,2,15.9154943091895,"IPCT_2019-09-19_1_18",2,15.9154943091895,"2019","Spring","2019 . Spring"
"91","1","IPCT",2019-09-19,1,19,4,31.8309886183791,"IPCT_2019-09-19_1_19",4,31.8309886183791,"2019","Spring","2019 . Spring"
"92","1","IPCT",2019-09-19,1,2,0,0,"IPCT_2019-09-19_1_2",0,0,"2019","Spring","2019 . Spring"
"93","1","IPCT",2019-09-19,1,20,1,7.95774715459477,"IPCT_2019-09-19_1_20",1,7.95774715459477,"2019","Spring","2019 . Spring"
"94","1","IPCT",2019-09-19,1,3,1,7.95774715459477,"IPCT_2019-09-19_1_3",1,7.95774715459477,"2019","Spring","2019 . Spring"
"95","1","IPCT",2019-09-19,1,4,1,7.95774715459477,"IPCT_2019-09-19_1_4",1,7.95774715459477,"2019","Spring","2019 . Spring"
"96","1","IPCT",2019-09-19,1,5,2,15.9154943091895,"IPCT_2019-09-19_1_5",2,15.9154943091895,"2019","Spring","2019 . Spring"
"97","1","IPCT",2019-09-19,1,6,1,7.95774715459477,"IPCT_2019-09-19_1_6",1,7.95774715459477,"2019","Spring","2019 . Spring"
"98","1","IPCT",2019-09-19,1,7,1,7.95774715459477,"IPCT_2019-09-19_1_7",1,7.95774715459477,"2019","Spring","2019 . Spring"
"99","1","IPCT",2019-09-19,1,8,0,0,"IPCT_2019-09-19_1_8",0,0,"2019","Spring","2019 . Spring"
"100","1","IPCT",2019-09-19,1,9,0,0,"IPCT_2019-09-19_1_9",0,0,"2019","Spring","2019 . Spring"
"101","1","IPCT",2020-03-19,1,1,0,0,"IPCT_2020-03-19_1_1",0,0,"2020","Autumn","2020 . Autumn"
"102","1","IPCT",2020-03-19,1,10,1,7.95774715459477,"IPCT_2020-03-19_1_10",1,7.95774715459477,"2020","Autumn","2020 . Autumn"
"103","1","IPCT",2020-03-19,1,11,3,23.8732414637843,"IPCT_2020-03-19_1_11",3,23.8732414637843,"2020","Autumn","2020 . Autumn"
"104","1","IPCT",2020-03-19,1,12,0,0,"IPCT_2020-03-19_1_12",0,0,"2020","Autumn","2020 . Autumn"
"105","1","IPCT",2020-03-19,1,13,2,15.9154943091895,"IPCT_2020-03-19_1_13",2,15.9154943091895,"2020","Autumn","2020 . Autumn"
"106","1","IPCT",2020-03-19,1,14,1,7.95774715459477,"IPCT_2020-03-19_1_14",1,7.95774715459477,"2020","Autumn","2020 . Autumn"
"107","1","IPCT",2020-03-19,1,15,3,23.8732414637843,"IPCT_2020-03-19_1_15",3,23.8732414637843,"2020","Autumn","2020 . Autumn"
"108","1","IPCT",2020-03-19,1,16,0,0,"IPCT_2020-03-19_1_16",0,0,"2020","Autumn","2020 . Autumn"
"109","1","IPCT",2020-03-19,1,17,0,0,"IPCT_2020-03-19_1_17",0,0,"2020","Autumn","2020 . Autumn"
"110","1","IPCT",2020-03-19,1,18,0,0,"IPCT_2020-03-19_1_18",0,0,"2020","Autumn","2020 . Autumn"
"111","1","IPCT",2020-03-19,1,19,1,7.95774715459477,"IPCT_2020-03-19_1_19",1,7.95774715459477,"2020","Autumn","2020 . Autumn"
"112","1","IPCT",2020-03-19,1,2,0,0,"IPCT_2020-03-19_1_2",0,0,"2020","Autumn","2020 . Autumn"
"113","1","IPCT",2020-03-19,1,20,1,7.95774715459477,"IPCT_2020-03-19_1_20",1,7.95774715459477,"2020","Autumn","2020 . Autumn"
"114","1","IPCT",2020-03-19,1,3,1,7.95774715459477,"IPCT_2020-03-19_1_3",1,7.95774715459477,"2020","Autumn","2020 . Autumn"
"115","1","IPCT",2020-03-19,1,4,0,0,"IPCT_2020-03-19_1_4",0,0,"2020","Autumn","2020 . Autumn"
"116","1","IPCT",2020-03-19,1,5,0,0,"IPCT_2020-03-19_1_5",0,0,"2020","Autumn","2020 . Autumn"
"117","1","IPCT",2020-03-19,1,6,0,0,"IPCT_2020-03-19_1_6",0,0,"2020","Autumn","2020 . Autumn"
"118","1","IPCT",2020-03-19,1,7,0,0,"IPCT_2020-03-19_1_7",0,0,"2020","Autumn","2020 . Autumn"
"119","1","IPCT",2020-03-19,1,8,0,0,"IPCT_2020-03-19_1_8",0,0,"2020","Autumn","2020 . Autumn"
"120","1","IPCT",2020-03-19,1,9,1,7.95774715459477,"IPCT_2020-03-19_1_9",1,7.95774715459477,"2020","Autumn","2020 . Autumn"
"121","1","PPC",2019-03-16,1,1,0,0,"PPC_2019-03-16_1_1",0,0,"2019","Autumn","2019 . Autumn"
"122","1","PPC",2019-03-16,1,10,3,23.8732414637843,"PPC_2019-03-16_1_10",3,23.8732414637843,"2019","Autumn","2019 . Autumn"
"123","1","PPC",2019-03-16,1,11,0,0,"PPC_2019-03-16_1_11",0,0,"2019","Autumn","2019 . Autumn"
"124","1","PPC",2019-03-16,1,12,0,0,"PPC_2019-03-16_1_12",0,0,"2019","Autumn","2019 . Autumn"
"125","1","PPC",2019-03-16,1,13,1,7.95774715459477,"PPC_2019-03-16_1_13",1,7.95774715459477,"2019","Autumn","2019 . Autumn"
"126","1","PPC",2019-03-16,1,14,0,0,"PPC_2019-03-16_1_14",0,0,"2019","Autumn","2019 . Autumn"
"127","1","PPC",2019-03-16,1,15,0,0,"PPC_2019-03-16_1_15",0,0,"2019","Autumn","2019 . Autumn"
"128","1","PPC",2019-03-16,1,16,0,0,"PPC_2019-03-16_1_16",0,0,"2019","Autumn","2019 . Autumn"
"129","1","PPC",2019-03-16,1,17,0,0,"PPC_2019-03-16_1_17",0,0,"2019","Autumn","2019 . Autumn"
"130","1","PPC",2019-03-16,1,18,0,0,"PPC_2019-03-16_1_18",0,0,"2019","Autumn","2019 . Autumn"
"131","1","PPC",2019-03-16,1,19,0,0,"PPC_2019-03-16_1_19",0,0,"2019","Autumn","2019 . Autumn"
"132","1","PPC",2019-03-16,1,2,0,0,"PPC_2019-03-16_1_2",0,0,"2019","Autumn","2019 . Autumn"
"133","1","PPC",2019-03-16,1,20,0,0,"PPC_2019-03-16_1_20",0,0,"2019","Autumn","2019 . Autumn"
"134","1","PPC",2019-03-16,1,3,0,0,"PPC_2019-03-16_1_3",0,0,"2019","Autumn","2019 . Autumn"
"135","1","PPC",2019-03-16,1,4,0,0,"PPC_2019-03-16_1_4",0,0,"2019","Autumn","2019 . Autumn"
"136","1","PPC",2019-03-16,1,5,2,15.9154943091895,"PPC_2019-03-16_1_5",2,15.9154943091895,"2019","Autumn","2019 . Autumn"
"137","1","PPC",2019-03-16,1,6,0,0,"PPC_2019-03-16_1_6",0,0,"2019","Autumn","2019 . Autumn"
"138","1","PPC",2019-03-16,1,7,0,0,"PPC_2019-03-16_1_7",0,0,"2019","Autumn","2019 . Autumn"
"139","1","PPC",2019-03-16,1,8,1,7.95774715459477,"PPC_2019-03-16_1_8",1,7.95774715459477,"2019","Autumn","2019 . Autumn"
"140","1","PPC",2019-03-16,1,9,0,0,"PPC_2019-03-16_1_9",0,0,"2019","Autumn","2019 . Autumn"
"141","1","PPC",2019-09-19,1,1,0,0,"PPC_2019-09-19_1_1",0,0,"2019","Spring","2019 . Spring"
"142","1","PPC",2019-09-19,1,10,0,0,"PPC_2019-09-19_1_10",0,0,"2019","Spring","2019 . Spring"
"143","1","PPC",2019-09-19,1,11,0,0,"PPC_2019-09-19_1_11",0,0,"2019","Spring","2019 . Spring"
"144","1","PPC",2019-09-19,1,12,1,7.95774715459477,"PPC_2019-09-19_1_12",1,7.95774715459477,"2019","Spring","2019 . Spring"
"145","1","PPC",2019-09-19,1,13,1,7.95774715459477,"PPC_2019-09-19_1_13",1,7.95774715459477,"2019","Spring","2019 . Spring"
"146","1","PPC",2019-09-19,1,14,0,0,"PPC_2019-09-19_1_14",0,0,"2019","Spring","2019 . Spring"
"147","1","PPC",2019-09-19,1,15,0,0,"PPC_2019-09-19_1_15",0,0,"2019","Spring","2019 . Spring"
"148","1","PPC",2019-09-19,1,16,1,7.95774715459477,"PPC_2019-09-19_1_16",1,7.95774715459477,"2019","Spring","2019 . Spring"
"149","1","PPC",2019-09-19,1,17,0,0,"PPC_2019-09-19_1_17",0,0,"2019","Spring","2019 . Spring"
"150","1","PPC",2019-09-19,1,18,2,15.9154943091895,"PPC_2019-09-19_1_18",2,15.9154943091895,"2019","Spring","2019 . Spring"
"151","1","PPC",2019-09-19,1,19,1,7.95774715459477,"PPC_2019-09-19_1_19",1,7.95774715459477,"2019","Spring","2019 . Spring"
"152","1","PPC",2019-09-19,1,2,3,23.8732414637843,"PPC_2019-09-19_1_2",3,23.8732414637843,"2019","Spring","2019 . Spring"
"153","1","PPC",2019-09-19,1,20,0,0,"PPC_2019-09-19_1_20",0,0,"2019","Spring","2019 . Spring"
"154","1","PPC",2019-09-19,1,3,0,0,"PPC_2019-09-19_1_3",0,0,"2019","Spring","2019 . Spring"
"155","1","PPC",2019-09-19,1,4,1,7.95774715459477,"PPC_2019-09-19_1_4",1,7.95774715459477,"2019","Spring","2019 . Spring"
"156","1","PPC",2019-09-19,1,5,0,0,"PPC_2019-09-19_1_5",0,0,"2019","Spring","2019 . Spring"
"157","1","PPC",2019-09-19,1,6,0,0,"PPC_2019-09-19_1_6",0,0,"2019","Spring","2019 . Spring"
"158","1","PPC",2019-09-19,1,7,0,0,"PPC_2019-09-19_1_7",0,0,"2019","Spring","2019 . Spring"
"159","1","PPC",2019-09-19,1,8,0,0,"PPC_2019-09-19_1_8",0,0,"2019","Spring","2019 . Spring"
"160","1","PPC",2019-09-19,1,9,0,0,"PPC_2019-09-19_1_9",0,0,"2019","Spring","2019 . Spring"
"161","1","PPC",2020-03-18,1,1,0,0,"PPC_2020-03-18_1_1",0,0,"2020","Autumn","2020 . Autumn"
"162","1","PPC",2020-03-18,1,10,0,0,"PPC_2020-03-18_1_10",0,0,"2020","Autumn","2020 . Autumn"
"163","1","PPC",2020-03-18,1,11,0,0,"PPC_2020-03-18_1_11",0,0,"2020","Autumn","2020 . Autumn"
"164","1","PPC",2020-03-18,1,12,0,0,"PPC_2020-03-18_1_12",0,0,"2020","Autumn","2020 . Autumn"
"165","1","PPC",2020-03-18,1,13,1,7.95774715459477,"PPC_2020-03-18_1_13",1,7.95774715459477,"2020","Autumn","2020 . Autumn"
"166","1","PPC",2020-03-18,1,14,1,7.95774715459477,"PPC_2020-03-18_1_14",1,7.95774715459477,"2020","Autumn","2020 . Autumn"
"167","1","PPC",2020-03-18,1,15,1,7.95774715459477,"PPC_2020-03-18_1_15",1,7.95774715459477,"2020","Autumn","2020 . Autumn"
"168","1","PPC",2020-03-18,1,16,1,7.95774715459477,"PPC_2020-03-18_1_16",1,7.95774715459477,"2020","Autumn","2020 . Autumn"
"169","1","PPC",2020-03-18,1,17,1,7.95774715459477,"PPC_2020-03-18_1_17",1,7.95774715459477,"2020","Autumn","2020 . Autumn"
"170","1","PPC",2020-03-18,1,18,0,0,"PPC_2020-03-18_1_18",0,0,"2020","Autumn","2020 . Autumn"
"171","1","PPC",2020-03-18,1,19,0,0,"PPC_2020-03-18_1_19",0,0,"2020","Autumn","2020 . Autumn"
"172","1","PPC",2020-03-18,1,2,2,15.9154943091895,"PPC_2020-03-18_1_2",2,15.9154943091895,"2020","Autumn","2020 . Autumn"
"173","1","PPC",2020-03-18,1,20,0,0,"PPC_2020-03-18_1_20",0,0,"2020","Autumn","2020 . Autumn"
"174","1","PPC",2020-03-18,1,3,3,23.8732414637843,"PPC_2020-03-18_1_3",3,23.8732414637843,"2020","Autumn","2020 . Autumn"
"175","1","PPC",2020-03-18,1,4,2,15.9154943091895,"PPC_2020-03-18_1_4",2,15.9154943091895,"2020","Autumn","2020 . Autumn"
"176","1","PPC",2020-03-18,1,5,0,0,"PPC_2020-03-18_1_5",0,0,"2020","Autumn","2020 . Autumn"
"177","1","PPC",2020-03-18,1,6,1,7.95774715459477,"PPC_2020-03-18_1_6",1,7.95774715459477,"2020","Autumn","2020 . Autumn"
"178","1","PPC",2020-03-18,1,7,0,0,"PPC_2020-03-18_1_7",0,0,"2020","Autumn","2020 . Autumn"
"179","1","PPC",2020-03-18,1,8,0,0,"PPC_2020-03-18_1_8",0,0,"2020","Autumn","2020 . Autumn"
"180","1","PPC",2020-03-18,1,9,0,0,"PPC_2020-03-18_1_9",0,0,"2020","Autumn","2020 . Autumn"
"181","1","PPCNT",2019-03-16,1,1,0,0,"PPCNT_2019-03-16_1_1",0,0,"2019","Autumn","2019 . Autumn"
"182","1","PPCNT",2019-03-16,1,10,1,7.95774715459477,"PPCNT_2019-03-16_1_10",1,7.95774715459477,"2019","Autumn","2019 . Autumn"
"183","1","PPCNT",2019-03-16,1,11,1,7.95774715459477,"PPCNT_2019-03-16_1_11",1,7.95774715459477,"2019","Autumn","2019 . Autumn"
"184","1","PPCNT",2019-03-16,1,12,0,0,"PPCNT_2019-03-16_1_12",0,0,"2019","Autumn","2019 . Autumn"
"185","1","PPCNT",2019-03-16,1,13,0,0,"PPCNT_2019-03-16_1_13",0,0,"2019","Autumn","2019 . Autumn"
"186","1","PPCNT",2019-03-16,1,14,0,0,"PPCNT_2019-03-16_1_14",0,0,"2019","Autumn","2019 . Autumn"
"187","1","PPCNT",2019-03-16,1,15,0,0,"PPCNT_2019-03-16_1_15",0,0,"2019","Autumn","2019 . Autumn"
"188","1","PPCNT",2019-03-16,1,16,0,0,"PPCNT_2019-03-16_1_16",0,0,"2019","Autumn","2019 . Autumn"
"189","1","PPCNT",2019-03-16,1,17,0,0,"PPCNT_2019-03-16_1_17",0,0,"2019","Autumn","2019 . Autumn"
"190","1","PPCNT",2019-03-16,1,18,0,0,"PPCNT_2019-03-16_1_18",0,0,"2019","Autumn","2019 . Autumn"
"191","1","PPCNT",2019-03-16,1,19,0,0,"PPCNT_2019-03-16_1_19",0,0,"2019","Autumn","2019 . Autumn"
"192","1","PPCNT",2019-03-16,1,2,0,0,"PPCNT_2019-03-16_1_2",0,0,"2019","Autumn","2019 . Autumn"
"193","1","PPCNT",2019-03-16,1,20,1,7.95774715459477,"PPCNT_2019-03-16_1_20",1,7.95774715459477,"2019","Autumn","2019 . Autumn"
"194","1","PPCNT",2019-03-16,1,3,0,0,"PPCNT_2019-03-16_1_3",0,0,"2019","Autumn","2019 . Autumn"
"195","1","PPCNT",2019-03-16,1,4,0,0,"PPCNT_2019-03-16_1_4",0,0,"2019","Autumn","2019 . Autumn"
"196","1","PPCNT",2019-03-16,1,5,2,15.9154943091895,"PPCNT_2019-03-16_1_5",2,15.9154943091895,"2019","Autumn","2019 . Autumn"
"197","1","PPCNT",2019-03-16,1,6,2,15.9154943091895,"PPCNT_2019-03-16_1_6",2,15.9154943091895,"2019","Autumn","2019 . Autumn"
"198","1","PPCNT",2019-03-16,1,7,0,0,"PPCNT_2019-03-16_1_7",0,0,"2019","Autumn","2019 . Autumn"
"199","1","PPCNT",2019-03-16,1,8,0,0,"PPCNT_2019-03-16_1_8",0,0,"2019","Autumn","2019 . Autumn"
"200","1","PPCNT",2019-03-16,1,9,2,15.9154943091895,"PPCNT_2019-03-16_1_9",2,15.9154943091895,"2019","Autumn","2019 . Autumn"
"201","1","PPCNT",2019-09-19,1,1,0,0,"PPCNT_2019-09-19_1_1",0,0,"2019","Spring","2019 . Spring"
"202","1","PPCNT",2019-09-19,1,10,0,0,"PPCNT_2019-09-19_1_10",0,0,"2019","Spring","2019 . Spring"
"203","1","PPCNT",2019-09-19,1,11,0,0,"PPCNT_2019-09-19_1_11",0,0,"2019","Spring","2019 . Spring"
"204","1","PPCNT",2019-09-19,1,12,0,0,"PPCNT_2019-09-19_1_12",0,0,"2019","Spring","2019 . Spring"
"205","1","PPCNT",2019-09-19,1,13,0,0,"PPCNT_2019-09-19_1_13",0,0,"2019","Spring","2019 . Spring"
"206","1","PPCNT",2019-09-19,1,14,0,0,"PPCNT_2019-09-19_1_14",0,0,"2019","Spring","2019 . Spring"
"207","1","PPCNT",2019-09-19,1,15,0,0,"PPCNT_2019-09-19_1_15",0,0,"2019","Spring","2019 . Spring"
"208","1","PPCNT",2019-09-19,1,16,1,7.95774715459477,"PPCNT_2019-09-19_1_16",1,7.95774715459477,"2019","Spring","2019 . Spring"
"209","1","PPCNT",2019-09-19,1,17,0,0,"PPCNT_2019-09-19_1_17",0,0,"2019","Spring","2019 . Spring"
"210","1","PPCNT",2019-09-19,1,18,0,0,"PPCNT_2019-09-19_1_18",0,0,"2019","Spring","2019 . Spring"
"211","1","PPCNT",2019-09-19,1,19,0,0,"PPCNT_2019-09-19_1_19",0,0,"2019","Spring","2019 . Spring"
"212","1","PPCNT",2019-09-19,1,2,0,0,"PPCNT_2019-09-19_1_2",0,0,"2019","Spring","2019 . Spring"
"213","1","PPCNT",2019-09-19,1,20,0,0,"PPCNT_2019-09-19_1_20",0,0,"2019","Spring","2019 . Spring"
"214","1","PPCNT",2019-09-19,1,21,0,0,"PPCNT_2019-09-19_1_21",0,0,"2019","Spring","2019 . Spring"
"215","1","PPCNT",2019-09-19,1,3,3,23.8732414637843,"PPCNT_2019-09-19_1_3",3,23.8732414637843,"2019","Spring","2019 . Spring"
"216","1","PPCNT",2019-09-19,1,4,0,0,"PPCNT_2019-09-19_1_4",0,0,"2019","Spring","2019 . Spring"
"217","1","PPCNT",2019-09-19,1,5,0,0,"PPCNT_2019-09-19_1_5",0,0,"2019","Spring","2019 . Spring"
"218","1","PPCNT",2019-09-19,1,6,0,0,"PPCNT_2019-09-19_1_6",0,0,"2019","Spring","2019 . Spring"
"219","1","PPCNT",2019-09-19,1,7,1,7.95774715459477,"PPCNT_2019-09-19_1_7",1,7.95774715459477,"2019","Spring","2019 . Spring"
"220","1","PPCNT",2019-09-19,1,8,0,0,"PPCNT_2019-09-19_1_8",0,0,"2019","Spring","2019 . Spring"
"221","1","PPCNT",2019-09-19,1,9,0,0,"PPCNT_2019-09-19_1_9",0,0,"2019","Spring","2019 . Spring"
"222","1","PPCNT",2020-03-18,1,1,1,7.95774715459477,"PPCNT_2020-03-18_1_1",1,7.95774715459477,"2020","Autumn","2020 . Autumn"
"223","1","PPCNT",2020-03-18,1,10,0,0,"PPCNT_2020-03-18_1_10",0,0,"2020","Autumn","2020 . Autumn"
"224","1","PPCNT",2020-03-18,1,11,0,0,"PPCNT_2020-03-18_1_11",0,0,"2020","Autumn","2020 . Autumn"
"225","1","PPCNT",2020-03-18,1,12,0,0,"PPCNT_2020-03-18_1_12",0,0,"2020","Autumn","2020 . Autumn"
"226","1","PPCNT",2020-03-18,1,13,0,0,"PPCNT_2020-03-18_1_13",0,0,"2020","Autumn","2020 . Autumn"
"227","1","PPCNT",2020-03-18,1,14,0,0,"PPCNT_2020-03-18_1_14",0,0,"2020","Autumn","2020 . Autumn"
"228","1","PPCNT",2020-03-18,1,15,0,0,"PPCNT_2020-03-18_1_15",0,0,"2020","Autumn","2020 . Autumn"
"229","1","PPCNT",2020-03-18,1,16,2,15.9154943091895,"PPCNT_2020-03-18_1_16",2,15.9154943091895,"2020","Autumn","2020 . Autumn"
"230","1","PPCNT",2020-03-18,1,17,1,7.95774715459477,"PPCNT_2020-03-18_1_17",1,7.95774715459477,"2020","Autumn","2020 . Autumn"
"231","1","PPCNT",2020-03-18,1,18,0,0,"PPCNT_2020-03-18_1_18",0,0,"2020","Autumn","2020 . Autumn"
"232","1","PPCNT",2020-03-18,1,19,1,7.95774715459477,"PPCNT_2020-03-18_1_19",1,7.95774715459477,"2020","Autumn","2020 . Autumn"
"233","1","PPCNT",2020-03-18,1,2,0,0,"PPCNT_2020-03-18_1_2",0,0,"2020","Autumn","2020 . Autumn"
"234","1","PPCNT",2020-03-18,1,20,0,0,"PPCNT_2020-03-18_1_20",0,0,"2020","Autumn","2020 . Autumn"
"235","1","PPCNT",2020-03-18,1,21,0,0,"PPCNT_2020-03-18_1_21",0,0,"2020","Autumn","2020 . Autumn"
"236","1","PPCNT",2020-03-18,1,3,2,15.9154943091895,"PPCNT_2020-03-18_1_3",2,15.9154943091895,"2020","Autumn","2020 . Autumn"
"237","1","PPCNT",2020-03-18,1,4,4,31.8309886183791,"PPCNT_2020-03-18_1_4",4,31.8309886183791,"2020","Autumn","2020 . Autumn"
"238","1","PPCNT",2020-03-18,1,5,0,0,"PPCNT_2020-03-18_1_5",0,0,"2020","Autumn","2020 . Autumn"
"239","1","PPCNT",2020-03-18,1,6,1,7.95774715459477,"PPCNT_2020-03-18_1_6",1,7.95774715459477,"2020","Autumn","2020 . Autumn"
"240","1","PPCNT",2020-03-18,1,7,1,7.95774715459477,"PPCNT_2020-03-18_1_7",1,7.95774715459477,"2020","Autumn","2020 . Autumn"
"241","1","PPCNT",2020-03-18,1,8,0,0,"PPCNT_2020-03-18_1_8",0,0,"2020","Autumn","2020 . Autumn"
"242","1","PPCNT",2020-03-18,1,9,0,0,"PPCNT_2020-03-18_1_9",0,0,"2020","Autumn","2020 . Autumn"
"243","2","IPB",2019-03-16,1,1,1,7.95774715459477,"IPB_2019-03-16_1_1",1,7.95774715459477,"2019","Autumn","2019 . Autumn"
"244","2","IPB",2019-03-16,1,10,0,0,"IPB_2019-03-16_1_10",0,0,"2019","Autumn","2019 . Autumn"
"245","2","IPB",2019-03-16,1,11,0,0,"IPB_2019-03-16_1_11",0,0,"2019","Autumn","2019 . Autumn"
"246","2","IPB",2019-03-16,1,12,0,0,"IPB_2019-03-16_1_12",0,0,"2019","Autumn","2019 . Autumn"
"247","2","IPB",2019-03-16,1,13,2,15.9154943091895,"IPB_2019-03-16_1_13",2,15.9154943091895,"2019","Autumn","2019 . Autumn"
"248","2","IPB",2019-03-16,1,14,0,0,"IPB_2019-03-16_1_14",0,0,"2019","Autumn","2019 . Autumn"
"249","2","IPB",2019-03-16,1,15,1,7.95774715459477,"IPB_2019-03-16_1_15",1,7.95774715459477,"2019","Autumn","2019 . Autumn"
"250","2","IPB",2019-03-16,1,16,0,0,"IPB_2019-03-16_1_16",0,0,"2019","Autumn","2019 . Autumn"
"251","2","IPB",2019-03-16,1,17,0,0,"IPB_2019-03-16_1_17",0,0,"2019","Autumn","2019 . Autumn"
"252","2","IPB",2019-03-16,1,18,0,0,"IPB_2019-03-16_1_18",0,0,"2019","Autumn","2019 . Autumn"
"253","2","IPB",2019-03-16,1,19,0,0,"IPB_2019-03-16_1_19",0,0,"2019","Autumn","2019 . Autumn"
"254","2","IPB",2019-03-16,1,2,2,15.9154943091895,"IPB_2019-03-16_1_2",2,15.9154943091895,"2019","Autumn","2019 . Autumn"
"255","2","IPB",2019-03-16,1,20,0,0,"IPB_2019-03-16_1_20",0,0,"2019","Autumn","2019 . Autumn"
"256","2","IPB",2019-03-16,1,3,0,0,"IPB_2019-03-16_1_3",0,0,"2019","Autumn","2019 . Autumn"
"257","2","IPB",2019-03-16,1,4,0,0,"IPB_2019-03-16_1_4",0,0,"2019","Autumn","2019 . Autumn"
"258","2","IPB",2019-03-16,1,5,0,0,"IPB_2019-03-16_1_5",0,0,"2019","Autumn","2019 . Autumn"
"259","2","IPB",2019-03-16,1,6,0,0,"IPB_2019-03-16_1_6",0,0,"2019","Autumn","2019 . Autumn"
"260","2","IPB",2019-03-16,1,7,0,0,"IPB_2019-03-16_1_7",0,0,"2019","Autumn","2019 . Autumn"
"261","2","IPB",2019-03-16,1,8,0,0,"IPB_2019-03-16_1_8",0,0,"2019","Autumn","2019 . Autumn"
"262","2","IPB",2019-03-16,1,9,0,0,"IPB_2019-03-16_1_9",0,0,"2019","Autumn","2019 . Autumn"
"263","2","IPB",2019-09-19,1,1,0,0,"IPB_2019-09-19_1_1",0,0,"2019","Spring","2019 . Spring"
"264","2","IPB",2019-09-19,1,10,0,0,"IPB_2019-09-19_1_10",0,0,"2019","Spring","2019 . Spring"
"265","2","IPB",2019-09-19,1,11,0,0,"IPB_2019-09-19_1_11",0,0,"2019","Spring","2019 . Spring"
"266","2","IPB",2019-09-19,1,12,0,0,"IPB_2019-09-19_1_12",0,0,"2019","Spring","2019 . Spring"
"267","2","IPB",2019-09-19,1,13,4,31.8309886183791,"IPB_2019-09-19_1_13",4,31.8309886183791,"2019","Spring","2019 . Spring"
"268","2","IPB",2019-09-19,1,14,0,0,"IPB_2019-09-19_1_14",0,0,"2019","Spring","2019 . Spring"
"269","2","IPB",2019-09-19,1,15,2,15.9154943091895,"IPB_2019-09-19_1_15",2,15.9154943091895,"2019","Spring","2019 . Spring"
"270","2","IPB",2019-09-19,1,16,0,0,"IPB_2019-09-19_1_16",0,0,"2019","Spring","2019 . Spring"
"271","2","IPB",2019-09-19,1,17,3,23.8732414637843,"IPB_2019-09-19_1_17",3,23.8732414637843,"2019","Spring","2019 . Spring"
"272","2","IPB",2019-09-19,1,18,1,7.95774715459477,"IPB_2019-09-19_1_18",1,7.95774715459477,"2019","Spring","2019 . Spring"
"273","2","IPB",2019-09-19,1,19,0,0,"IPB_2019-09-19_1_19",0,0,"2019","Spring","2019 . Spring"
"274","2","IPB",2019-09-19,1,2,0,0,"IPB_2019-09-19_1_2",0,0,"2019","Spring","2019 . Spring"
"275","2","IPB",2019-09-19,1,20,0,0,"IPB_2019-09-19_1_20",0,0,"2019","Spring","2019 . Spring"
"276","2","IPB",2019-09-19,1,3,1,7.95774715459477,"IPB_2019-09-19_1_3",1,7.95774715459477,"2019","Spring","2019 . Spring"
"277","2","IPB",2019-09-19,1,4,0,0,"IPB_2019-09-19_1_4",0,0,"2019","Spring","2019 . Spring"
"278","2","IPB",2019-09-19,1,5,0,0,"IPB_2019-09-19_1_5",0,0,"2019","Spring","2019 . Spring"
"279","2","IPB",2019-09-19,1,6,0,0,"IPB_2019-09-19_1_6",0,0,"2019","Spring","2019 . Spring"
"280","2","IPB",2019-09-19,1,7,1,7.95774715459477,"IPB_2019-09-19_1_7",1,7.95774715459477,"2019","Spring","2019 . Spring"
"281","2","IPB",2019-09-19,1,8,2,15.9154943091895,"IPB_2019-09-19_1_8",2,15.9154943091895,"2019","Spring","2019 . Spring"
"282","2","IPB",2019-09-19,1,9,0,0,"IPB_2019-09-19_1_9",0,0,"2019","Spring","2019 . Spring"
"283","2","IPB",2020-03-19,1,1,0,0,"IPB_2020-03-19_1_1",0,0,"2020","Autumn","2020 . Autumn"
"284","2","IPB",2020-03-19,1,10,0,0,"IPB_2020-03-19_1_10",0,0,"2020","Autumn","2020 . Autumn"
"285","2","IPB",2020-03-19,1,11,0,0,"IPB_2020-03-19_1_11",0,0,"2020","Autumn","2020 . Autumn"
"286","2","IPB",2020-03-19,1,12,0,0,"IPB_2020-03-19_1_12",0,0,"2020","Autumn","2020 . Autumn"
"287","2","IPB",2020-03-19,1,13,3,23.8732414637843,"IPB_2020-03-19_1_13",3,23.8732414637843,"2020","Autumn","2020 . Autumn"
"288","2","IPB",2020-03-19,1,14,0,0,"IPB_2020-03-19_1_14",0,0,"2020","Autumn","2020 . Autumn"
"289","2","IPB",2020-03-19,1,15,1,7.95774715459477,"IPB_2020-03-19_1_15",1,7.95774715459477,"2020","Autumn","2020 . Autumn"
"290","2","IPB",2020-03-19,1,16,0,0,"IPB_2020-03-19_1_16",0,0,"2020","Autumn","2020 . Autumn"
"291","2","IPB",2020-03-19,1,17,1,7.95774715459477,"IPB_2020-03-19_1_17",1,7.95774715459477,"2020","Autumn","2020 . Autumn"
"292","2","IPB",2020-03-19,1,18,3,23.8732414637843,"IPB_2020-03-19_1_18",3,23.8732414637843,"2020","Autumn","2020 . Autumn"
"293","2","IPB",2020-03-19,1,19,0,0,"IPB_2020-03-19_1_19",0,0,"2020","Autumn","2020 . Autumn"
"294","2","IPB",2020-03-19,1,2,0,0,"IPB_2020-03-19_1_2",0,0,"2020","Autumn","2020 . Autumn"
"295","2","IPB",2020-03-19,1,20,0,0,"IPB_2020-03-19_1_20",0,0,"2020","Autumn","2020 . Autumn"
"296","2","IPB",2020-03-19,1,3,0,0,"IPB_2020-03-19_1_3",0,0,"2020","Autumn","2020 . Autumn"
"297","2","IPB",2020-03-19,1,4,2,15.9154943091895,"IPB_2020-03-19_1_4",2,15.9154943091895,"2020","Autumn","2020 . Autumn"
"298","2","IPB",2020-03-19,1,5,0,0,"IPB_2020-03-19_1_5",0,0,"2020","Autumn","2020 . Autumn"
"299","2","IPB",2020-03-19,1,6,0,0,"IPB_2020-03-19_1_6",0,0,"2020","Autumn","2020 . Autumn"
"300","2","IPB",2020-03-19,1,7,0,0,"IPB_2020-03-19_1_7",0,0,"2020","Autumn","2020 . Autumn"
"301","2","IPB",2020-03-19,1,8,0,0,"IPB_2020-03-19_1_8",0,0,"2020","Autumn","2020 . Autumn"
"302","2","IPB",2020-03-19,1,9,0,0,"IPB_2020-03-19_1_9",0,0,"2020","Autumn","2020 . Autumn"
"303","2","IPCT",2019-03-16,1,1,1,7.95774715459477,"IPCT_2019-03-16_1_1",1,7.95774715459477,"2019","Autumn","2019 . Autumn"
"304","2","IPCT",2019-03-16,1,10,0,0,"IPCT_2019-03-16_1_10",0,0,"2019","Autumn","2019 . Autumn"
"305","2","IPCT",2019-03-16,1,11,2,15.9154943091895,"IPCT_2019-03-16_1_11",2,15.9154943091895,"2019","Autumn","2019 . Autumn"
"306","2","IPCT",2019-03-16,1,12,0,0,"IPCT_2019-03-16_1_12",0,0,"2019","Autumn","2019 . Autumn"
"307","2","IPCT",2019-03-16,1,13,0,0,"IPCT_2019-03-16_1_13",0,0,"2019","Autumn","2019 . Autumn"
"308","2","IPCT",2019-03-16,1,14,2,15.9154943091895,"IPCT_2019-03-16_1_14",2,15.9154943091895,"2019","Autumn","2019 . Autumn"
"309","2","IPCT",2019-03-16,1,15,0,0,"IPCT_2019-03-16_1_15",0,0,"2019","Autumn","2019 . Autumn"
"310","2","IPCT",2019-03-16,1,16,0,0,"IPCT_2019-03-16_1_16",0,0,"2019","Autumn","2019 . Autumn"
"311","2","IPCT",2019-03-16,1,17,0,0,"IPCT_2019-03-16_1_17",0,0,"2019","Autumn","2019 . Autumn"
"312","2","IPCT",2019-03-16,1,18,2,15.9154943091895,"IPCT_2019-03-16_1_18",2,15.9154943091895,"2019","Autumn","2019 . Autumn"
"313","2","IPCT",2019-03-16,1,19,1,7.95774715459477,"IPCT_2019-03-16_1_19",1,7.95774715459477,"2019","Autumn","2019 . Autumn"
"314","2","IPCT",2019-03-16,1,2,0,0,"IPCT_2019-03-16_1_2",0,0,"2019","Autumn","2019 . Autumn"
"315","2","IPCT",2019-03-16,1,20,0,0,"IPCT_2019-03-16_1_20",0,0,"2019","Autumn","2019 . Autumn"
"316","2","IPCT",2019-03-16,1,3,2,15.9154943091895,"IPCT_2019-03-16_1_3",2,15.9154943091895,"2019","Autumn","2019 . Autumn"
"317","2","IPCT",2019-03-16,1,4,3,23.8732414637843,"IPCT_2019-03-16_1_4",3,23.8732414637843,"2019","Autumn","2019 . Autumn"
"318","2","IPCT",2019-03-16,1,5,3,23.8732414637843,"IPCT_2019-03-16_1_5",3,23.8732414637843,"2019","Autumn","2019 . Autumn"
"319","2","IPCT",2019-03-16,1,6,0,0,"IPCT_2019-03-16_1_6",0,0,"2019","Autumn","2019 . Autumn"
"320","2","IPCT",2019-03-16,1,7,0,0,"IPCT_2019-03-16_1_7",0,0,"2019","Autumn","2019 . Autumn"
"321","2","IPCT",2019-03-16,1,8,0,0,"IPCT_2019-03-16_1_8",0,0,"2019","Autumn","2019 . Autumn"
"322","2","IPCT",2019-03-16,1,9,0,0,"IPCT_2019-03-16_1_9",0,0,"2019","Autumn","2019 . Autumn"
"323","2","IPCT",2019-09-19,1,1,2,15.9154943091895,"IPCT_2019-09-19_1_1",2,15.9154943091895,"2019","Spring","2019 . Spring"
"324","2","IPCT",2019-09-19,1,10,1,7.95774715459477,"IPCT_2019-09-19_1_10",1,7.95774715459477,"2019","Spring","2019 . Spring"
"325","2","IPCT",2019-09-19,1,11,10,79.5774715459477,"IPCT_2019-09-19_1_11",10,79.5774715459477,"2019","Spring","2019 . Spring"
"326","2","IPCT",2019-09-19,1,12,4,31.8309886183791,"IPCT_2019-09-19_1_12",4,31.8309886183791,"2019","Spring","2019 . Spring"
"327","2","IPCT",2019-09-19,1,13,3,23.8732414637843,"IPCT_2019-09-19_1_13",3,23.8732414637843,"2019","Spring","2019 . Spring"
"328","2","IPCT",2019-09-19,1,14,3,23.8732414637843,"IPCT_2019-09-19_1_14",3,23.8732414637843,"2019","Spring","2019 . Spring"
"329","2","IPCT",2019-09-19,1,15,0,0,"IPCT_2019-09-19_1_15",0,0,"2019","Spring","2019 . Spring"
"330","2","IPCT",2019-09-19,1,16,3,23.8732414637843,"IPCT_2019-09-19_1_16",3,23.8732414637843,"2019","Spring","2019 . Spring"
"331","2","IPCT",2019-09-19,1,17,4,31.8309886183791,"IPCT_2019-09-19_1_17",4,31.8309886183791,"2019","Spring","2019 . Spring"
"332","2","IPCT",2019-09-19,1,18,3,23.8732414637843,"IPCT_2019-09-19_1_18",3,23.8732414637843,"2019","Spring","2019 . Spring"
"333","2","IPCT",2019-09-19,1,19,3,23.8732414637843,"IPCT_2019-09-19_1_19",3,23.8732414637843,"2019","Spring","2019 . Spring"
"334","2","IPCT",2019-09-19,1,2,2,15.9154943091895,"IPCT_2019-09-19_1_2",2,15.9154943091895,"2019","Spring","2019 . Spring"
"335","2","IPCT",2019-09-19,1,20,0,0,"IPCT_2019-09-19_1_20",0,0,"2019","Spring","2019 . Spring"
"336","2","IPCT",2019-09-19,1,3,0,0,"IPCT_2019-09-19_1_3",0,0,"2019","Spring","2019 . Spring"
"337","2","IPCT",2019-09-19,1,4,2,15.9154943091895,"IPCT_2019-09-19_1_4",2,15.9154943091895,"2019","Spring","2019 . Spring"
"338","2","IPCT",2019-09-19,1,5,0,0,"IPCT_2019-09-19_1_5",0,0,"2019","Spring","2019 . Spring"
"339","2","IPCT",2019-09-19,1,6,0,0,"IPCT_2019-09-19_1_6",0,0,"2019","Spring","2019 . Spring"
"340","2","IPCT",2019-09-19,1,7,0,0,"IPCT_2019-09-19_1_7",0,0,"2019","Spring","2019 . Spring"
"341","2","IPCT",2019-09-19,1,8,0,0,"IPCT_2019-09-19_1_8",0,0,"2019","Spring","2019 . Spring"
"342","2","IPCT",2019-09-19,1,9,1,7.95774715459477,"IPCT_2019-09-19_1_9",1,7.95774715459477,"2019","Spring","2019 . Spring"
"343","2","IPCT",2020-03-19,1,1,2,15.9154943091895,"IPCT_2020-03-19_1_1",2,15.9154943091895,"2020","Autumn","2020 . Autumn"
"344","2","IPCT",2020-03-19,1,10,0,0,"IPCT_2020-03-19_1_10",0,0,"2020","Autumn","2020 . Autumn"
"345","2","IPCT",2020-03-19,1,11,1,7.95774715459477,"IPCT_2020-03-19_1_11",1,7.95774715459477,"2020","Autumn","2020 . Autumn"
"346","2","IPCT",2020-03-19,1,12,1,7.95774715459477,"IPCT_2020-03-19_1_12",1,7.95774715459477,"2020","Autumn","2020 . Autumn"
"347","2","IPCT",2020-03-19,1,13,3,23.8732414637843,"IPCT_2020-03-19_1_13",3,23.8732414637843,"2020","Autumn","2020 . Autumn"
"348","2","IPCT",2020-03-19,1,14,0,0,"IPCT_2020-03-19_1_14",0,0,"2020","Autumn","2020 . Autumn"
"349","2","IPCT",2020-03-19,1,15,0,0,"IPCT_2020-03-19_1_15",0,0,"2020","Autumn","2020 . Autumn"
"350","2","IPCT",2020-03-19,1,16,2,15.9154943091895,"IPCT_2020-03-19_1_16",2,15.9154943091895,"2020","Autumn","2020 . Autumn"
"351","2","IPCT",2020-03-19,1,17,3,23.8732414637843,"IPCT_2020-03-19_1_17",3,23.8732414637843,"2020","Autumn","2020 . Autumn"
"352","2","IPCT",2020-03-19,1,18,4,31.8309886183791,"IPCT_2020-03-19_1_18",4,31.8309886183791,"2020","Autumn","2020 . Autumn"
"353","2","IPCT",2020-03-19,1,19,3,23.8732414637843,"IPCT_2020-03-19_1_19",3,23.8732414637843,"2020","Autumn","2020 . Autumn"
"354","2","IPCT",2020-03-19,1,2,1,7.95774715459477,"IPCT_2020-03-19_1_2",1,7.95774715459477,"2020","Autumn","2020 . Autumn"
"355","2","IPCT",2020-03-19,1,20,1,7.95774715459477,"IPCT_2020-03-19_1_20",1,7.95774715459477,"2020","Autumn","2020 . Autumn"
"356","2","IPCT",2020-03-19,1,3,1,7.95774715459477,"IPCT_2020-03-19_1_3",1,7.95774715459477,"2020","Autumn","2020 . Autumn"
"357","2","IPCT",2020-03-19,1,4,2,15.9154943091895,"IPCT_2020-03-19_1_4",2,15.9154943091895,"2020","Autumn","2020 . Autumn"
"358","2","IPCT",2020-03-19,1,5,0,0,"IPCT_2020-03-19_1_5",0,0,"2020","Autumn","2020 . Autumn"
"359","2","IPCT",2020-03-19,1,6,0,0,"IPCT_2020-03-19_1_6",0,0,"2020","Autumn","2020 . Autumn"
"360","2","IPCT",2020-03-19,1,7,0,0,"IPCT_2020-03-19_1_7",0,0,"2020","Autumn","2020 . Autumn"
"361","2","IPCT",2020-03-19,1,8,0,0,"IPCT_2020-03-19_1_8",0,0,"2020","Autumn","2020 . Autumn"
"362","2","IPCT",2020-03-19,1,9,0,0,"IPCT_2020-03-19_1_9",0,0,"2020","Autumn","2020 . Autumn"
"363","2","PPC",2019-03-16,1,1,3,23.8732414637843,"PPC_2019-03-16_1_1",3,23.8732414637843,"2019","Autumn","2019 . Autumn"
"364","2","PPC",2019-03-16,1,10,1,7.95774715459477,"PPC_2019-03-16_1_10",1,7.95774715459477,"2019","Autumn","2019 . Autumn"
"365","2","PPC",2019-03-16,1,11,3,23.8732414637843,"PPC_2019-03-16_1_11",3,23.8732414637843,"2019","Autumn","2019 . Autumn"
"366","2","PPC",2019-03-16,1,12,1,7.95774715459477,"PPC_2019-03-16_1_12",1,7.95774715459477,"2019","Autumn","2019 . Autumn"
"367","2","PPC",2019-03-16,1,13,4,31.8309886183791,"PPC_2019-03-16_1_13",4,31.8309886183791,"2019","Autumn","2019 . Autumn"
"368","2","PPC",2019-03-16,1,14,1,7.95774715459477,"PPC_2019-03-16_1_14",1,7.95774715459477,"2019","Autumn","2019 . Autumn"
"369","2","PPC",2019-03-16,1,15,2,15.9154943091895,"PPC_2019-03-16_1_15",2,15.9154943091895,"2019","Autumn","2019 . Autumn"
"370","2","PPC",2019-03-16,1,16,7,55.7042300821634,"PPC_2019-03-16_1_16",7,55.7042300821634,"2019","Autumn","2019 . Autumn"
"371","2","PPC",2019-03-16,1,17,0,0,"PPC_2019-03-16_1_17",0,0,"2019","Autumn","2019 . Autumn"
"372","2","PPC",2019-03-16,1,18,5,39.7887357729738,"PPC_2019-03-16_1_18",5,39.7887357729738,"2019","Autumn","2019 . Autumn"
"373","2","PPC",2019-03-16,1,19,4,31.8309886183791,"PPC_2019-03-16_1_19",4,31.8309886183791,"2019","Autumn","2019 . Autumn"
"374","2","PPC",2019-03-16,1,2,2,15.9154943091895,"PPC_2019-03-16_1_2",2,15.9154943091895,"2019","Autumn","2019 . Autumn"
"375","2","PPC",2019-03-16,1,20,2,15.9154943091895,"PPC_2019-03-16_1_20",2,15.9154943091895,"2019","Autumn","2019 . Autumn"
"376","2","PPC",2019-03-16,1,3,0,0,"PPC_2019-03-16_1_3",0,0,"2019","Autumn","2019 . Autumn"
"377","2","PPC",2019-03-16,1,4,4,31.8309886183791,"PPC_2019-03-16_1_4",4,31.8309886183791,"2019","Autumn","2019 . Autumn"
"378","2","PPC",2019-03-16,1,5,1,7.95774715459477,"PPC_2019-03-16_1_5",1,7.95774715459477,"2019","Autumn","2019 . Autumn"
"379","2","PPC",2019-03-16,1,6,2,15.9154943091895,"PPC_2019-03-16_1_6",2,15.9154943091895,"2019","Autumn","2019 . Autumn"
"380","2","PPC",2019-03-16,1,7,6,47.7464829275686,"PPC_2019-03-16_1_7",6,47.7464829275686,"2019","Autumn","2019 . Autumn"
"381","2","PPC",2019-03-16,1,8,7,55.7042300821634,"PPC_2019-03-16_1_8",7,55.7042300821634,"2019","Autumn","2019 . Autumn"
"382","2","PPC",2019-03-16,1,9,0,0,"PPC_2019-03-16_1_9",0,0,"2019","Autumn","2019 . Autumn"
"383","2","PPC",2019-09-19,1,1,2,15.9154943091895,"PPC_2019-09-19_1_1",2,15.9154943091895,"2019","Spring","2019 . Spring"
"384","2","PPC",2019-09-19,1,10,0,0,"PPC_2019-09-19_1_10",0,0,"2019","Spring","2019 . Spring"
"385","2","PPC",2019-09-19,1,11,1,7.95774715459477,"PPC_2019-09-19_1_11",1,7.95774715459477,"2019","Spring","2019 . Spring"
"386","2","PPC",2019-09-19,1,12,5,39.7887357729738,"PPC_2019-09-19_1_12",5,39.7887357729738,"2019","Spring","2019 . Spring"
"387","2","PPC",2019-09-19,1,13,11,87.5352187005424,"PPC_2019-09-19_1_13",11,87.5352187005424,"2019","Spring","2019 . Spring"
"388","2","PPC",2019-09-19,1,14,4,31.8309886183791,"PPC_2019-09-19_1_14",4,31.8309886183791,"2019","Spring","2019 . Spring"
"389","2","PPC",2019-09-19,1,15,3,23.8732414637843,"PPC_2019-09-19_1_15",3,23.8732414637843,"2019","Spring","2019 . Spring"
"390","2","PPC",2019-09-19,1,16,9,71.6197243913529,"PPC_2019-09-19_1_16",9,71.6197243913529,"2019","Spring","2019 . Spring"
"391","2","PPC",2019-09-19,1,17,1,7.95774715459477,"PPC_2019-09-19_1_17",1,7.95774715459477,"2019","Spring","2019 . Spring"
"392","2","PPC",2019-09-19,1,18,4,31.8309886183791,"PPC_2019-09-19_1_18",4,31.8309886183791,"2019","Spring","2019 . Spring"
"393","2","PPC",2019-09-19,1,19,5,39.7887357729738,"PPC_2019-09-19_1_19",5,39.7887357729738,"2019","Spring","2019 . Spring"
"394","2","PPC",2019-09-19,1,2,7,55.7042300821634,"PPC_2019-09-19_1_2",7,55.7042300821634,"2019","Spring","2019 . Spring"
"395","2","PPC",2019-09-19,1,20,4,31.8309886183791,"PPC_2019-09-19_1_20",4,31.8309886183791,"2019","Spring","2019 . Spring"
"396","2","PPC",2019-09-19,1,3,5,39.7887357729738,"PPC_2019-09-19_1_3",5,39.7887357729738,"2019","Spring","2019 . Spring"
"397","2","PPC",2019-09-19,1,4,0,0,"PPC_2019-09-19_1_4",0,0,"2019","Spring","2019 . Spring"
"398","2","PPC",2019-09-19,1,5,1,7.95774715459477,"PPC_2019-09-19_1_5",1,7.95774715459477,"2019","Spring","2019 . Spring"
"399","2","PPC",2019-09-19,1,6,1,7.95774715459477,"PPC_2019-09-19_1_6",1,7.95774715459477,"2019","Spring","2019 . Spring"
"400","2","PPC",2019-09-19,1,7,13,103.450713009732,"PPC_2019-09-19_1_7",13,103.450713009732,"2019","Spring","2019 . Spring"
"401","2","PPC",2019-09-19,1,8,1,7.95774715459477,"PPC_2019-09-19_1_8",1,7.95774715459477,"2019","Spring","2019 . Spring"
"402","2","PPC",2019-09-19,1,9,0,0,"PPC_2019-09-19_1_9",0,0,"2019","Spring","2019 . Spring"
"403","2","PPC",2020-03-18,1,1,2,15.9154943091895,"PPC_2020-03-18_1_1",2,15.9154943091895,"2020","Autumn","2020 . Autumn"
"404","2","PPC",2020-03-18,1,10,0,0,"PPC_2020-03-18_1_10",0,0,"2020","Autumn","2020 . Autumn"
"405","2","PPC",2020-03-18,1,11,3,23.8732414637843,"PPC_2020-03-18_1_11",3,23.8732414637843,"2020","Autumn","2020 . Autumn"
"406","2","PPC",2020-03-18,1,12,5,39.7887357729738,"PPC_2020-03-18_1_12",5,39.7887357729738,"2020","Autumn","2020 . Autumn"
"407","2","PPC",2020-03-18,1,13,5,39.7887357729738,"PPC_2020-03-18_1_13",5,39.7887357729738,"2020","Autumn","2020 . Autumn"
"408","2","PPC",2020-03-18,1,14,2,15.9154943091895,"PPC_2020-03-18_1_14",2,15.9154943091895,"2020","Autumn","2020 . Autumn"
"409","2","PPC",2020-03-18,1,15,2,15.9154943091895,"PPC_2020-03-18_1_15",2,15.9154943091895,"2020","Autumn","2020 . Autumn"
"410","2","PPC",2020-03-18,1,16,9,71.6197243913529,"PPC_2020-03-18_1_16",9,71.6197243913529,"2020","Autumn","2020 . Autumn"
"411","2","PPC",2020-03-18,1,17,2,15.9154943091895,"PPC_2020-03-18_1_17",2,15.9154943091895,"2020","Autumn","2020 . Autumn"
"412","2","PPC",2020-03-18,1,18,4,31.8309886183791,"PPC_2020-03-18_1_18",4,31.8309886183791,"2020","Autumn","2020 . Autumn"
"413","2","PPC",2020-03-18,1,19,0,0,"PPC_2020-03-18_1_19",0,0,"2020","Autumn","2020 . Autumn"
"414","2","PPC",2020-03-18,1,2,3,23.8732414637843,"PPC_2020-03-18_1_2",3,23.8732414637843,"2020","Autumn","2020 . Autumn"
"415","2","PPC",2020-03-18,1,20,4,31.8309886183791,"PPC_2020-03-18_1_20",4,31.8309886183791,"2020","Autumn","2020 . Autumn"
"416","2","PPC",2020-03-18,1,3,4,31.8309886183791,"PPC_2020-03-18_1_3",4,31.8309886183791,"2020","Autumn","2020 . Autumn"
"417","2","PPC",2020-03-18,1,4,2,15.9154943091895,"PPC_2020-03-18_1_4",2,15.9154943091895,"2020","Autumn","2020 . Autumn"
"418","2","PPC",2020-03-18,1,5,2,15.9154943091895,"PPC_2020-03-18_1_5",2,15.9154943091895,"2020","Autumn","2020 . Autumn"
"419","2","PPC",2020-03-18,1,6,4,31.8309886183791,"PPC_2020-03-18_1_6",4,31.8309886183791,"2020","Autumn","2020 . Autumn"
"420","2","PPC",2020-03-18,1,7,6,47.7464829275686,"PPC_2020-03-18_1_7",6,47.7464829275686,"2020","Autumn","2020 . Autumn"
"421","2","PPC",2020-03-18,1,8,1,7.95774715459477,"PPC_2020-03-18_1_8",1,7.95774715459477,"2020","Autumn","2020 . Autumn"
"422","2","PPC",2020-03-18,1,9,0,0,"PPC_2020-03-18_1_9",0,0,"2020","Autumn","2020 . Autumn"
"423","2","PPCNT",2019-03-16,1,1,0,0,"PPCNT_2019-03-16_1_1",0,0,"2019","Autumn","2019 . Autumn"
"424","2","PPCNT",2019-03-16,1,10,0,0,"PPCNT_2019-03-16_1_10",0,0,"2019","Autumn","2019 . Autumn"
"425","2","PPCNT",2019-03-16,1,11,0,0,"PPCNT_2019-03-16_1_11",0,0,"2019","Autumn","2019 . Autumn"
"426","2","PPCNT",2019-03-16,1,12,0,0,"PPCNT_2019-03-16_1_12",0,0,"2019","Autumn","2019 . Autumn"
"427","2","PPCNT",2019-03-16,1,13,0,0,"PPCNT_2019-03-16_1_13",0,0,"2019","Autumn","2019 . Autumn"
"428","2","PPCNT",2019-03-16,1,14,0,0,"PPCNT_2019-03-16_1_14",0,0,"2019","Autumn","2019 . Autumn"
"429","2","PPCNT",2019-03-16,1,15,0,0,"PPCNT_2019-03-16_1_15",0,0,"2019","Autumn","2019 . Autumn"
"430","2","PPCNT",2019-03-16,1,16,0,0,"PPCNT_2019-03-16_1_16",0,0,"2019","Autumn","2019 . Autumn"
"431","2","PPCNT",2019-03-16,1,17,0,0,"PPCNT_2019-03-16_1_17",0,0,"2019","Autumn","2019 . Autumn"
"432","2","PPCNT",2019-03-16,1,18,1,7.95774715459477,"PPCNT_2019-03-16_1_18",1,7.95774715459477,"2019","Autumn","2019 . Autumn"
"433","2","PPCNT",2019-03-16,1,19,0,0,"PPCNT_2019-03-16_1_19",0,0,"2019","Autumn","2019 . Autumn"
"434","2","PPCNT",2019-03-16,1,2,0,0,"PPCNT_2019-03-16_1_2",0,0,"2019","Autumn","2019 . Autumn"
"435","2","PPCNT",2019-03-16,1,20,0,0,"PPCNT_2019-03-16_1_20",0,0,"2019","Autumn","2019 . Autumn"
"436","2","PPCNT",2019-03-16,1,3,4,31.8309886183791,"PPCNT_2019-03-16_1_3",4,31.8309886183791,"2019","Autumn","2019 . Autumn"
"437","2","PPCNT",2019-03-16,1,4,1,7.95774715459477,"PPCNT_2019-03-16_1_4",1,7.95774715459477,"2019","Autumn","2019 . Autumn"
"438","2","PPCNT",2019-03-16,1,5,0,0,"PPCNT_2019-03-16_1_5",0,0,"2019","Autumn","2019 . Autumn"
"439","2","PPCNT",2019-03-16,1,6,0,0,"PPCNT_2019-03-16_1_6",0,0,"2019","Autumn","2019 . Autumn"
"440","2","PPCNT",2019-03-16,1,7,0,0,"PPCNT_2019-03-16_1_7",0,0,"2019","Autumn","2019 . Autumn"
"441","2","PPCNT",2019-03-16,1,8,0,0,"PPCNT_2019-03-16_1_8",0,0,"2019","Autumn","2019 . Autumn"
"442","2","PPCNT",2019-03-16,1,9,1,7.95774715459477,"PPCNT_2019-03-16_1_9",1,7.95774715459477,"2019","Autumn","2019 . Autumn"
"443","2","PPCNT",2019-09-19,1,1,1,7.95774715459477,"PPCNT_2019-09-19_1_1",1,7.95774715459477,"2019","Spring","2019 . Spring"
"444","2","PPCNT",2019-09-19,1,10,0,0,"PPCNT_2019-09-19_1_10",0,0,"2019","Spring","2019 . Spring"
"445","2","PPCNT",2019-09-19,1,11,1,7.95774715459477,"PPCNT_2019-09-19_1_11",1,7.95774715459477,"2019","Spring","2019 . Spring"
"446","2","PPCNT",2019-09-19,1,12,0,0,"PPCNT_2019-09-19_1_12",0,0,"2019","Spring","2019 . Spring"
"447","2","PPCNT",2019-09-19,1,13,1,7.95774715459477,"PPCNT_2019-09-19_1_13",1,7.95774715459477,"2019","Spring","2019 . Spring"
"448","2","PPCNT",2019-09-19,1,14,0,0,"PPCNT_2019-09-19_1_14",0,0,"2019","Spring","2019 . Spring"
"449","2","PPCNT",2019-09-19,1,15,0,0,"PPCNT_2019-09-19_1_15",0,0,"2019","Spring","2019 . Spring"
"450","2","PPCNT",2019-09-19,1,16,3,23.8732414637843,"PPCNT_2019-09-19_1_16",3,23.8732414637843,"2019","Spring","2019 . Spring"
"451","2","PPCNT",2019-09-19,1,17,2,15.9154943091895,"PPCNT_2019-09-19_1_17",2,15.9154943091895,"2019","Spring","2019 . Spring"
"452","2","PPCNT",2019-09-19,1,18,0,0,"PPCNT_2019-09-19_1_18",0,0,"2019","Spring","2019 . Spring"
"453","2","PPCNT",2019-09-19,1,19,2,15.9154943091895,"PPCNT_2019-09-19_1_19",2,15.9154943091895,"2019","Spring","2019 . Spring"
"454","2","PPCNT",2019-09-19,1,2,1,7.95774715459477,"PPCNT_2019-09-19_1_2",1,7.95774715459477,"2019","Spring","2019 . Spring"
"455","2","PPCNT",2019-09-19,1,20,0,0,"PPCNT_2019-09-19_1_20",0,0,"2019","Spring","2019 . Spring"
"456","2","PPCNT",2019-09-19,1,21,0,0,"PPCNT_2019-09-19_1_21",0,0,"2019","Spring","2019 . Spring"
"457","2","PPCNT",2019-09-19,1,3,1,7.95774715459477,"PPCNT_2019-09-19_1_3",1,7.95774715459477,"2019","Spring","2019 . Spring"
"458","2","PPCNT",2019-09-19,1,4,0,0,"PPCNT_2019-09-19_1_4",0,0,"2019","Spring","2019 . Spring"
"459","2","PPCNT",2019-09-19,1,5,0,0,"PPCNT_2019-09-19_1_5",0,0,"2019","Spring","2019 . Spring"
"460","2","PPCNT",2019-09-19,1,6,1,7.95774715459477,"PPCNT_2019-09-19_1_6",1,7.95774715459477,"2019","Spring","2019 . Spring"
"461","2","PPCNT",2019-09-19,1,7,0,0,"PPCNT_2019-09-19_1_7",0,0,"2019","Spring","2019 . Spring"
"462","2","PPCNT",2019-09-19,1,8,0,0,"PPCNT_2019-09-19_1_8",0,0,"2019","Spring","2019 . Spring"
"463","2","PPCNT",2019-09-19,1,9,0,0,"PPCNT_2019-09-19_1_9",0,0,"2019","Spring","2019 . Spring"
"464","2","PPCNT",2020-03-18,1,1,1,7.95774715459477,"PPCNT_2020-03-18_1_1",1,7.95774715459477,"2020","Autumn","2020 . Autumn"
"465","2","PPCNT",2020-03-18,1,10,3,23.8732414637843,"PPCNT_2020-03-18_1_10",3,23.8732414637843,"2020","Autumn","2020 . Autumn"
"466","2","PPCNT",2020-03-18,1,11,2,15.9154943091895,"PPCNT_2020-03-18_1_11",2,15.9154943091895,"2020","Autumn","2020 . Autumn"
"467","2","PPCNT",2020-03-18,1,12,1,7.95774715459477,"PPCNT_2020-03-18_1_12",1,7.95774715459477,"2020","Autumn","2020 . Autumn"
"468","2","PPCNT",2020-03-18,1,13,3,23.8732414637843,"PPCNT_2020-03-18_1_13",3,23.8732414637843,"2020","Autumn","2020 . Autumn"
"469","2","PPCNT",2020-03-18,1,14,3,23.8732414637843,"PPCNT_2020-03-18_1_14",3,23.8732414637843,"2020","Autumn","2020 . Autumn"
"470","2","PPCNT",2020-03-18,1,15,3,23.8732414637843,"PPCNT_2020-03-18_1_15",3,23.8732414637843,"2020","Autumn","2020 . Autumn"
"471","2","PPCNT",2020-03-18,1,16,2,15.9154943091895,"PPCNT_2020-03-18_1_16",2,15.9154943091895,"2020","Autumn","2020 . Autumn"
"472","2","PPCNT",2020-03-18,1,17,0,0,"PPCNT_2020-03-18_1_17",0,0,"2020","Autumn","2020 . Autumn"
"473","2","PPCNT",2020-03-18,1,18,0,0,"PPCNT_2020-03-18_1_18",0,0,"2020","Autumn","2020 . Autumn"
"474","2","PPCNT",2020-03-18,1,19,2,15.9154943091895,"PPCNT_2020-03-18_1_19",2,15.9154943091895,"2020","Autumn","2020 . Autumn"
"475","2","PPCNT",2020-03-18,1,2,3,23.8732414637843,"PPCNT_2020-03-18_1_2",3,23.8732414637843,"2020","Autumn","2020 . Autumn"
"476","2","PPCNT",2020-03-18,1,20,1,7.95774715459477,"PPCNT_2020-03-18_1_20",1,7.95774715459477,"2020","Autumn","2020 . Autumn"
"477","2","PPCNT",2020-03-18,1,21,0,0,"PPCNT_2020-03-18_1_21",0,0,"2020","Autumn","2020 . Autumn"
"478","2","PPCNT",2020-03-18,1,3,7,55.7042300821634,"PPCNT_2020-03-18_1_3",7,55.7042300821634,"2020","Autumn","2020 . Autumn"
"479","2","PPCNT",2020-03-18,1,4,0,0,"PPCNT_2020-03-18_1_4",0,0,"2020","Autumn","2020 . Autumn"
"480","2","PPCNT",2020-03-18,1,5,3,23.8732414637843,"PPCNT_2020-03-18_1_5",3,23.8732414637843,"2020","Autumn","2020 . Autumn"
"481","2","PPCNT",2020-03-18,1,6,2,15.9154943091895,"PPCNT_2020-03-18_1_6",2,15.9154943091895,"2020","Autumn","2020 . Autumn"
"482","2","PPCNT",2020-03-18,1,7,1,7.95774715459477,"PPCNT_2020-03-18_1_7",1,7.95774715459477,"2020","Autumn","2020 . Autumn"
"483","2","PPCNT",2020-03-18,1,8,2,15.9154943091895,"PPCNT_2020-03-18_1_8",2,15.9154943091895,"2020","Autumn","2020 . Autumn"
"484","2","PPCNT",2020-03-18,1,9,1,7.95774715459477,"PPCNT_2020-03-18_1_9",1,7.95774715459477,"2020","Autumn","2020 . Autumn"
